Stock ID,Model Photo Links,Model Video Links,FTP Folder,Photo Count,Video Count
665_142,"https://colourdiam.com/Product/Jewellery/Model%20images/665_142/1.jpeg
https://colourdiam.com/Product/Jewellery/Model%20images/665_142/2.jpeg
https://colourdiam.com/Product/Jewellery/Model%20images/665_142/center.jpeg",,665_142,3,0
298,,https://colourdiam.com/Product/Jewellery/Model%20images/298/video.mp4,298,0,1
414,,https://colourdiam.com/Product/Jewellery/Model%20images/414/video.mp4,414,0,1
415,,"https://colourdiam.com/Product/Jewellery/Model%20images/415/415.mp4
https://colourdiam.com/Product/Jewellery/Model%20images/415/415_1.mp4
https://colourdiam.com/Product/Jewellery/Model%20images/415/415_2.mp4",415,0,3
416,"https://colourdiam.com/Product/Jewellery/Model%20images/416/center.jpeg
https://colourdiam.com/Product/Jewellery/Model%20images/416/PHOTO-2021-08-28-15-01-27%202.jpeg
https://colourdiam.com/Product/Jewellery/Model%20images/416/PHOTO-2021-08-28-15-01-27.jpeg",https://colourdiam.com/Product/Jewellery/Model%20images/416/video.mp4,416,3,1
731,"https://colourdiam.com/Product/Jewellery/Model%20images/731/center.jpeg
https://colourdiam.com/Product/Jewellery/Model%20images/731/98553059-DFE7-4799-B5B0-3D8E6179BD02.jpeg
https://colourdiam.com/Product/Jewellery/Model%20images/731/PHOTO-2022-04-05-17-54-27%202.jpeg
https://colourdiam.com/Product/Jewellery/Model%20images/731/B18CA9D3-3972-499B-AEB5-390DACF2D7BF.jpeg
https://colourdiam.com/Product/Jewellery/Model%20images/731/PHOTO-2022-04-05-17-54-27.jpeg","https://colourdiam.com/Product/Jewellery/Model%20images/731/video.mp4
https://colourdiam.com/Product/Jewellery/Model%20images/731/731.mp4",731,5,2
1135,,"https://colourdiam.com/Product/Jewellery/Model%20images/1135/video.mp4
https://colourdiam.com/Product/Jewellery/Model%20images/1135/1135.mp4
https://colourdiam.com/Product/Jewellery/Model%20images/1135/1135_1.mp4",1135,0,3
1263,https://colourdiam.com/Product/Jewellery/Model%20images/1263/center.jpeg,https://colourdiam.com/Product/Jewellery/Model%20images/1263/video.mp4,1263,1,1
1328,https://colourdiam.com/Product/Jewellery/Model%20images/1328/center.jpeg,"https://colourdiam.com/Product/Jewellery/Model%20images/1328/video.mp4
https://colourdiam.com/Product/Jewellery/Model%20images/1328/1328.mp4",1328,1,2
1333_6674_6673,,"https://colourdiam.com/Product/Jewellery/Model%20images/1333_6674/video.mp4
https://colourdiam.com/Product/Jewellery/Model%20images/1333_6674/1333_6674.mp4",1333_6674,0,2
1481,"https://colourdiam.com/Product/Jewellery/Model%20images/1481/center.jpeg
https://colourdiam.com/Product/Jewellery/Model%20images/1481/2E928398-3341-4441-BA7D-66FCE5C5C04E.jpeg
https://colourdiam.com/Product/Jewellery/Model%20images/1481/7C2A590F-A895-4C54-A082-F6FE5EFA46D6.jpeg",,1481,3,0
1850,,"https://colourdiam.com/Product/Jewellery/Model%20images/1850/video.mp4
https://colourdiam.com/Product/Jewellery/Model%20images/1850/1850.mp4",1850,0,2
1873,,"https://colourdiam.com/Product/Jewellery/Model%20images/1873/video.mp4
https://colourdiam.com/Product/Jewellery/Model%20images/1873/1873.mp4",1873,0,2
1996_6379,"https://colourdiam.com/Product/Jewellery/Model%20images/1996_6379/1.jpg
https://colourdiam.com/Product/Jewellery/Model%20images/1996_6379/UN-0638_1.jpg",,1996_6379,2,0
2150,,"https://colourdiam.com/Product/Jewellery/Model%20images/2150/2150.mp4
https://colourdiam.com/Product/Jewellery/Model%20images/2150/new%20video.mp4",2150,0,2
2240,"https://colourdiam.com/Product/Jewellery/Model%20images/2240/center.jpeg
https://colourdiam.com/Product/Jewellery/Model%20images/2240/9701C417-5D54-4533-9B9C-63043177A44B%20%281%29.jpeg
https://colourdiam.com/Product/Jewellery/Model%20images/2240/3CB6BC1C-52C9-4915-A39A-5306386DB9A7.jpeg
https://colourdiam.com/Product/Jewellery/Model%20images/2240/9701C417-5D54-4533-9B9C-63043177A44B.JPEG",,2240,4,0
2281,,https://colourdiam.com/Product/Jewellery/Model%20images/2281/video.mp4,2281,0,1
2376,,"https://colourdiam.com/Product/Jewellery/Model%20images/2376/video.mp4
https://colourdiam.com/Product/Jewellery/Model%20images/2376/2376.mp4",2376,0,2
2391_7808,,"https://colourdiam.com/Product/Jewellery/Model%20images/2391_7808/video.mp4
https://colourdiam.com/Product/Jewellery/Model%20images/2391_7808/2391_7808.mp4",2391_7808,0,2
2556,"https://colourdiam.com/Product/Jewellery/Model%20images/2556/1.jpeg
https://colourdiam.com/Product/Jewellery/Model%20images/2556/2.jpeg
https://colourdiam.com/Product/Jewellery/Model%20images/2556/center.jpeg
https://colourdiam.com/Product/Jewellery/Model%20images/2556/3.jpeg
https://colourdiam.com/Product/Jewellery/Model%20images/2556/4.jpeg
https://colourdiam.com/Product/Jewellery/Model%20images/2556/5.jpeg
https://colourdiam.com/Product/Jewellery/Model%20images/2556/04E263C0-9523-44B6-B074-39AA1CC67588.jpeg
https://colourdiam.com/Product/Jewellery/Model%20images/2556/74F4BAB2-EB68-4C91-8F8D-D5A2EFB87312.jpeg",,2556,8,0
3061,"https://colourdiam.com/Product/Jewellery/Model%20images/3061/center.jpeg
https://colourdiam.com/Product/Jewellery/Model%20images/3061/DC254F1B-E39A-4F3E-BE14-289E8F3CABF4.jpeg
https://colourdiam.com/Product/Jewellery/Model%20images/3061/6EEF105F-2D3F-458E-A082-E6BA9ACA08FB.jpeg","https://colourdiam.com/Product/Jewellery/Model%20images/3061/video.mp4
https://colourdiam.com/Product/Jewellery/Model%20images/3061/3061.mp4
https://colourdiam.com/Product/Jewellery/Model%20images/3061/3061_1.mp4",3061,3,3
3170,"https://colourdiam.com/Product/Jewellery/Model%20images/3170/center.jpeg
https://colourdiam.com/Product/Jewellery/Model%20images/3170/PHOTO-2021-10-20-13-08-58.jpeg
https://colourdiam.com/Product/Jewellery/Model%20images/3170/PHOTO-2021-10-20-13-08-59%20%28Copy%29.jpeg",https://colourdiam.com/Product/Jewellery/Model%20images/3170/video.mp4,3170,3,1
6321_3607,"https://colourdiam.com/Product/Jewellery/Model%20images/6321_3607/center.jpeg
https://colourdiam.com/Product/Jewellery/Model%20images/6321_3607/WhatsApp%20Image%202025-10-04%20at%2015.56.03_bb4e4f15.jpeg",https://colourdiam.com/Product/Jewellery/Model%20images/6321_3607/video.mp4,6321_3607,2,1
3763,,https://colourdiam.com/Product/Jewellery/Model%20images/3763/video.mp4,3763,0,1
3793,,https://colourdiam.com/Product/Jewellery/Model%20images/3793/video.mp4,3793,0,1
3967,,"https://colourdiam.com/Product/Jewellery/Model%20images/3967/video.mp4
https://colourdiam.com/Product/Jewellery/Model%20images/3967/3967.mp4",3967,0,2
4059,,"https://colourdiam.com/Product/Jewellery/Model%20images/4059/video.mp4
https://colourdiam.com/Product/Jewellery/Model%20images/4059/4059.mp4",4059,0,2
4085_4456_4800_5452_5554_5558_5592_5594_5598,"https://colourdiam.com/Product/Jewellery/Model%20images/4085_4456_4800_5452_5554_5558_5592_5594_5598/1.jpeg
https://colourdiam.com/Product/Jewellery/Model%20images/4085_4456_4800_5452_5554_5558_5592_5594_5598/2.jpeg
https://colourdiam.com/Product/Jewellery/Model%20images/4085_4456_4800_5452_5554_5558_5592_5594_5598/center.jpeg
https://colourdiam.com/Product/Jewellery/Model%20images/4085_4456_4800_5452_5554_5558_5592_5594_5598/3.jpeg
https://colourdiam.com/Product/Jewellery/Model%20images/4085_4456_4800_5452_5554_5558_5592_5594_5598/WhatsApp%20Image%202025-10-03%20at%2017.58.17_b7d057ba.jpeg
https://colourdiam.com/Product/Jewellery/Model%20images/4085_4456_4800_5452_5554_5558_5592_5594_5598/WhatsApp%20Image%202025-10-01%20at%2023.52.56_34dea980.jpeg
https://colourdiam.com/Product/Jewellery/Model%20images/4085_4456_4800_5452_5554_5558_5592_5594_5598/WhatsApp%20Image%202025-10-01%20at%2023.52.56_ea65936a.jpeg","https://colourdiam.com/Product/Jewellery/Model%20images/4085_4456_4800_5452_5554_5558_5592_5594_5598/video.mp4
https://colourdiam.com/Product/Jewellery/Model%20images/4085_4456_4800_5452_5554_5558_5592_5594_5598/4085_4456_4800_5452_5554_5558_5592_5594_5598.mp4
https://colourdiam.com/Product/Jewellery/Model%20images/4085_4456_4800_5452_5554_5558_5592_5594_5598/4085_4456_4800_5452_5554_5558_5592_5594_5598_1.mp4",4085_4456_4800_5452_5554_5558_5592_5594_5598,7,3
4262,https://colourdiam.com/Product/Jewellery/Model%20images/4262/center.jpeg,,4262,1,0
4282_4283,"https://colourdiam.com/Product/Jewellery/Model%20images/4282_4283/pic.jpeg
https://colourdiam.com/Product/Jewellery/Model%20images/4282_4283/8708244-20240720-143255.jpeg","https://colourdiam.com/Product/Jewellery/Model%20images/4282_4283/video.mp4
https://colourdiam.com/Product/Jewellery/Model%20images/4282_4283/4282_4283.mp4",4282_4283,2,2
4286,"https://colourdiam.com/Product/Jewellery/Model%20images/4286/center.jpeg
https://colourdiam.com/Product/Jewellery/Model%20images/4286/Untitled%20Project%20-%202025-12-19T163251.145.jpeg
https://colourdiam.com/Product/Jewellery/Model%20images/4286/4286.jpeg
https://colourdiam.com/Product/Jewellery/Model%20images/4286/1186643-20230202-120813.jpeg
https://colourdiam.com/Product/Jewellery/Model%20images/4286/1657692-20230202-120813.jpeg
https://colourdiam.com/Product/Jewellery/Model%20images/4286/2158459-20230202-120813.jpeg
https://colourdiam.com/Product/Jewellery/Model%20images/4286/4857219-20230202-120814.jpeg","https://colourdiam.com/Product/Jewellery/Model%20images/4286/video.mp4
https://colourdiam.com/Product/Jewellery/Model%20images/4286/4286.mp4",4286,7,2
4377,https://colourdiam.com/Product/Jewellery/Model%20images/4377/center.jpeg,"https://colourdiam.com/Product/Jewellery/Model%20images/4377/4377.mp4
https://colourdiam.com/Product/Jewellery/Model%20images/4377/video1.mp4",4377,1,2
4401_4402_4406_4409_4410_4422_4423_4354_4417,https://colourdiam.com/Product/Jewellery/Model%20images/4401_4402_4406_4409_4410_4422_4423_4354_4417/center.jpeg,"https://colourdiam.com/Product/Jewellery/Model%20images/4401_4402_4406_4409_4410_4422_4423_4354_4417/video.mp4
https://colourdiam.com/Product/Jewellery/Model%20images/4401_4402_4406_4409_4410_4422_4423_4354_4417/4401.mp4
https://colourdiam.com/Product/Jewellery/Model%20images/4401_4402_4406_4409_4410_4422_4423_4354_4417/4401_4402.mp4",4401_4402_4406_4409_4410_4422_4423_4354_4417,1,3
4403,,"https://colourdiam.com/Product/Jewellery/Model%20images/4403/video.mp4
https://colourdiam.com/Product/Jewellery/Model%20images/4403/4403.mp4",4403,0,2
3400_4462,"https://colourdiam.com/Product/Jewellery/Model%20images/3400_4462/center.jpeg
https://colourdiam.com/Product/Jewellery/Model%20images/3400_4462/PHOTO-2021-10-01-13-57-18%202.jpeg
https://colourdiam.com/Product/Jewellery/Model%20images/3400_4462/PHOTO-2021-10-01-13-57-19.jpeg",,3400_4462,3,0
4509,,https://colourdiam.com/Product/Jewellery/Model%20images/4509/video.mp4,4509,0,1
4510,,https://colourdiam.com/Product/Jewellery/Model%20images/4510/video.mp4,4510,0,1
4643,,"https://colourdiam.com/Product/Jewellery/Model%20images/4643/video.mp4
https://colourdiam.com/Product/Jewellery/Model%20images/4643/4643.mp4
https://colourdiam.com/Product/Jewellery/Model%20images/4643/4643_1.mp4",4643,0,3
4874_4676,"https://colourdiam.com/Product/Jewellery/Model%20images/4874_4676/center.jpeg
https://colourdiam.com/Product/Jewellery/Model%20images/4874_4676/949A5E47-3DA1-45AC-B2F9-FDCA7C8E15A4.jpeg
https://colourdiam.com/Product/Jewellery/Model%20images/4874_4676/FE467A35-CCFF-4C8D-AD4C-A81527B772DD.jpeg
https://colourdiam.com/Product/Jewellery/Model%20images/4874_4676/3192162-20220331-173224.jpeg
https://colourdiam.com/Product/Jewellery/Model%20images/4874_4676/6953092-20220331-173238.jpeg
https://colourdiam.com/Product/Jewellery/Model%20images/4874_4676/7453859-20220331-173238.jpeg
https://colourdiam.com/Product/Jewellery/Model%20images/4874_4676/7110344-20220331-173239.jpeg",https://colourdiam.com/Product/Jewellery/Model%20images/4874_4676/model%20Video.mp4,4874_4676,7,1
4774,,"https://colourdiam.com/Product/Jewellery/Model%20images/4774/video.mp4
https://colourdiam.com/Product/Jewellery/Model%20images/4774/4774.mp4",4774,0,2
4849,https://colourdiam.com/Product/Jewellery/Model%20images/4849/center.jpeg,,4849,1,0
5052,"https://colourdiam.com/Product/Jewellery/Model%20images/5052/center.jpeg
https://colourdiam.com/Product/Jewellery/Model%20images/5052/1062819-20220331-165419.jpeg
https://colourdiam.com/Product/Jewellery/Model%20images/5052/6392242-20220331-165419.jpeg
https://colourdiam.com/Product/Jewellery/Model%20images/5052/7364058-20220331-165419.jpeg",,5052,4,0
4907_5148_5163_5164_5159_5460,,"https://colourdiam.com/Product/Jewellery/Model%20images/4907_5148_5163_5164_5159_5460/video.mp4
https://colourdiam.com/Product/Jewellery/Model%20images/4907_5148_5163_5164_5159_5460/4907_5148.mp4
https://colourdiam.com/Product/Jewellery/Model%20images/4907_5148_5163_5164_5159_5460/4907_5148_1.mp4",4907_5148_5163_5164_5159_5460,0,3
5171,"https://colourdiam.com/Product/Jewellery/Model%20images/5171/center.jpeg
https://colourdiam.com/Product/Jewellery/Model%20images/5171/5171%20%282%29.jpeg",https://colourdiam.com/Product/Jewellery/Model%20images/5171/video.mp4,5171,2,1
5201,https://colourdiam.com/Product/Jewellery/Model%20images/5201/model%20.jpeg,"https://colourdiam.com/Product/Jewellery/Model%20images/5201/video.mp4
https://colourdiam.com/Product/Jewellery/Model%20images/5201/5201.mp4",5201,1,2
5335,,"https://colourdiam.com/Product/Jewellery/Model%20images/5335/video.mp4
https://colourdiam.com/Product/Jewellery/Model%20images/5335/5335.mp4",5335,0,2
5465,"https://colourdiam.com/Product/Jewellery/Model%20images/5465/2.jpeg
https://colourdiam.com/Product/Jewellery/Model%20images/5465/center.jpeg
https://colourdiam.com/Product/Jewellery/Model%20images/5465/3.jpeg",,5465,3,0
5531,,"https://colourdiam.com/Product/Jewellery/Model%20images/5531/video.mp4
https://colourdiam.com/Product/Jewellery/Model%20images/5531/5531.mp4
https://colourdiam.com/Product/Jewellery/Model%20images/5531/731.mp4",5531,0,3
5545_5581_4685,"https://colourdiam.com/Product/Jewellery/Model%20images/5545_5581_4685/center.jpeg
https://colourdiam.com/Product/Jewellery/Model%20images/5545_5581_4685/3.jpeg
https://colourdiam.com/Product/Jewellery/Model%20images/5545_5581_4685/Untitled%20Project%20-%202026-06-30T133213.541.jpeg",,5545_5581_4685,3,0
5551,"https://colourdiam.com/Product/Jewellery/Model%20images/5551/1.jpg
https://colourdiam.com/Product/Jewellery/Model%20images/5551/2.jpg
https://colourdiam.com/Product/Jewellery/Model%20images/5551/center.jpeg
https://colourdiam.com/Product/Jewellery/Model%20images/5551/5551.1.jpg
https://colourdiam.com/Product/Jewellery/Model%20images/5551/5555.2.jpg
https://colourdiam.com/Product/Jewellery/Model%20images/5551/WhatsApp%20Image%202025-08-22%20at%2011.50.28_8dcd2fcd.jpeg
https://colourdiam.com/Product/Jewellery/Model%20images/5551/3.jpg
https://colourdiam.com/Product/Jewellery/Model%20images/5551/5551.3.jpg
https://colourdiam.com/Product/Jewellery/Model%20images/5551/4.jpg
https://colourdiam.com/Product/Jewellery/Model%20images/5551/5551.4.jpg
https://colourdiam.com/Product/Jewellery/Model%20images/5551/5.jpg
https://colourdiam.com/Product/Jewellery/Model%20images/5551/WhatsApp%20Image%202025-08-22%20at%2011.50.28_a980f931.jpeg
https://colourdiam.com/Product/Jewellery/Model%20images/5551/5551.jpg
https://colourdiam.com/Product/Jewellery/Model%20images/5551/WhatsApp%20Image%202025-08-22%20at%2011.50.27_401751dd.jpeg",,5551,14,0
5585_5361,"https://colourdiam.com/Product/Jewellery/Model%20images/5585_5361/center.jpeg
https://colourdiam.com/Product/Jewellery/Model%20images/5585_5361/Untitled%20Project%20-%202025-12-19T172936.579.jpeg
https://colourdiam.com/Product/Jewellery/Model%20images/5585_5361/2602121-20240720-123044.jpeg
https://colourdiam.com/Product/Jewellery/Model%20images/5585_5361/3573937-20240720-123044.jpeg
https://colourdiam.com/Product/Jewellery/Model%20images/5585_5361/7745280-20240720-123045.jpeg",https://colourdiam.com/Product/Jewellery/Model%20images/5585_5361/video.mp4,5585_5361,5,1
5597,,https://colourdiam.com/Product/Jewellery/Model%20images/5597/video.mp4,5597,0,1
5618_5658,"https://colourdiam.com/Product/Jewellery/Model%20images/5618_5658/1.jpeg
https://colourdiam.com/Product/Jewellery/Model%20images/5618_5658/center.jpeg",,5618_5658,2,0
5708,"https://colourdiam.com/Product/Jewellery/Model%20images/5708/center.jpeg
https://colourdiam.com/Product/Jewellery/Model%20images/5708/5708.1.jpeg",,5708,2,0
5735,,https://colourdiam.com/Product/Jewellery/Model%20images/5735/video.mp4,5735,0,1
5766,,"https://colourdiam.com/Product/Jewellery/Model%20images/5766/video.mp4
https://colourdiam.com/Product/Jewellery/Model%20images/5766/5766.mp4",5766,0,2
5769,,"https://colourdiam.com/Product/Jewellery/Model%20images/5769/video.mp4
https://colourdiam.com/Product/Jewellery/Model%20images/5769/5769.mp4",5769,0,2
5932,"https://colourdiam.com/Product/Jewellery/Model%20images/5932/center.jpeg
https://colourdiam.com/Product/Jewellery/Model%20images/5932/4388730-20240720-115004.jpeg
https://colourdiam.com/Product/Jewellery/Model%20images/5932/5988141-20240720-115004.jpeg
https://colourdiam.com/Product/Jewellery/Model%20images/5932/8245570-20240720-115004.jpeg",,5932,4,0
5983,,https://colourdiam.com/Product/Jewellery/Model%20images/5983/video.mp4,5983,0,1
5991,"https://colourdiam.com/Product/Jewellery/Model%20images/5991/center.jpeg
https://colourdiam.com/Product/Jewellery/Model%20images/5991/4D5BE253-DD28-4848-A8E6-F8DF044F4AAD.JPEG
https://colourdiam.com/Product/Jewellery/Model%20images/5991/84C8D2CA-23C8-47CD-A0A4-16B5BC7E19A7.JPEG
https://colourdiam.com/Product/Jewellery/Model%20images/5991/F5B79CF5-B5C3-4311-86F8-C93D3970DC46.JPEG
https://colourdiam.com/Product/Jewellery/Model%20images/5991/813AB1C1-D109-4A90-B85C-8637B5FEE184.JPEG
https://colourdiam.com/Product/Jewellery/Model%20images/5991/FE8F79DB-8F34-48AE-B9D7-EB0DDE61C478.JPEG
https://colourdiam.com/Product/Jewellery/Model%20images/5991/EA0F1DD7-D12B-4AD9-A044-08BD0826C630.JPEG
https://colourdiam.com/Product/Jewellery/Model%20images/5991/B908EDFB-EB05-448D-B9E4-4E0A85E3167C.JPEG",https://colourdiam.com/Product/Jewellery/Model%20images/5991/video.mov,5991,8,1
6001,,https://colourdiam.com/Product/Jewellery/Model%20images/6001/video.mp4,6001,0,1
6002,,https://colourdiam.com/Product/Jewellery/Model%20images/6002/video.mp4,6002,0,1
6009,https://colourdiam.com/Product/Jewellery/Model%20images/6009/center.jpeg,,6009,1,0
6060,,https://colourdiam.com/Product/Jewellery/Model%20images/6060/video.mp4,6060,0,1
6065,,https://colourdiam.com/Product/Jewellery/Model%20images/6065/video.mp4,6065,0,1
6109,,https://colourdiam.com/Product/Jewellery/Model%20images/6109/video.mp4,6109,0,1
6126_5641,"https://colourdiam.com/Product/Jewellery/Model%20images/6126_5641/center.jpeg
https://colourdiam.com/Product/Jewellery/Model%20images/6126_5641/2526854-20240720-114132.jpeg
https://colourdiam.com/Product/Jewellery/Model%20images/6126_5641/9082455-20240720-114132.jpeg
https://colourdiam.com/Product/Jewellery/Model%20images/6126_5641/7954093-20240720-114133.jpeg","https://colourdiam.com/Product/Jewellery/Model%20images/6126_5641/video.mp4
https://colourdiam.com/Product/Jewellery/Model%20images/6126_5641/6126.mp4",6126_5641,4,2
6139,,https://colourdiam.com/Product/Jewellery/Model%20images/6139/6139.mp4,6139,0,1
6166,,https://colourdiam.com/Product/Jewellery/Model%20images/6166/video.mp4,6166,0,1
6267,,https://colourdiam.com/Product/Jewellery/Model%20images/6267/video.mp4,6267,0,1
6279_6318,,https://colourdiam.com/Product/Jewellery/Model%20images/6279_6318/video.mp4,6279_6318,0,1
6283,,https://colourdiam.com/Product/Jewellery/Model%20images/6283/video.mp4,6283,0,1
6313,,https://colourdiam.com/Product/Jewellery/Model%20images/6313/video.mp4,6313,0,1
6357,,https://colourdiam.com/Product/Jewellery/Model%20images/6357/6357.mp4,6357,0,1
6373,,https://colourdiam.com/Product/Jewellery/Model%20images/6373/video.mp4,6373,0,1
6374,,https://colourdiam.com/Product/Jewellery/Model%20images/6374/6374.mp4,6374,0,1
6639,"https://colourdiam.com/Product/Jewellery/Model%20images/6639/1.jpeg
https://colourdiam.com/Product/Jewellery/Model%20images/6639/1.jpg
https://colourdiam.com/Product/Jewellery/Model%20images/6639/2.jpeg
https://colourdiam.com/Product/Jewellery/Model%20images/6639/center.jpeg
https://colourdiam.com/Product/Jewellery/Model%20images/6639/3.jpeg
https://colourdiam.com/Product/Jewellery/Model%20images/6639/4.jpeg
https://colourdiam.com/Product/Jewellery/Model%20images/6639/b6639.jpg",,6639,7,0
6626_6627,"https://colourdiam.com/Product/Jewellery/Model%20images/6626_6627/1.jpeg
https://colourdiam.com/Product/Jewellery/Model%20images/6626_6627/2.jpeg
https://colourdiam.com/Product/Jewellery/Model%20images/6626_6627/center.jpeg",https://colourdiam.com/Product/Jewellery/Model%20images/6626_6627/video.mp4,6626_6627,3,1
6843,https://colourdiam.com/Product/Jewellery/Model%20images/6843/center.jpeg,"https://colourdiam.com/Product/Jewellery/Model%20images/6843/video.mp4
https://colourdiam.com/Product/Jewellery/Model%20images/6843/6843.mp4
https://colourdiam.com/Product/Jewellery/Model%20images/6843/6843_1.mp4
https://colourdiam.com/Product/Jewellery/Model%20images/6843/6843_2.mp4",6843,1,4
6851,https://colourdiam.com/Product/Jewellery/Model%20images/6851/center.jpeg,,6851,1,0
6865,https://colourdiam.com/Product/Jewellery/Model%20images/6865/center.jpeg,https://colourdiam.com/Product/Jewellery/Model%20images/6865/video.mp4,6865,1,1
6906,,"https://colourdiam.com/Product/Jewellery/Model%20images/6906/video.mp4
https://colourdiam.com/Product/Jewellery/Model%20images/6906/6906%20REEL.mp4
https://colourdiam.com/Product/Jewellery/Model%20images/6906/6906.mp4
https://colourdiam.com/Product/Jewellery/Model%20images/6906/6906_1.mp4",6906,0,4
6964,"https://colourdiam.com/Product/Jewellery/Model%20images/6964/1.jpeg
https://colourdiam.com/Product/Jewellery/Model%20images/6964/2.jpeg
https://colourdiam.com/Product/Jewellery/Model%20images/6964/center.jpeg
https://colourdiam.com/Product/Jewellery/Model%20images/6964/3.jpeg
https://colourdiam.com/Product/Jewellery/Model%20images/6964/WhatsApp%20Image%202026-06-23%20at%201.06.42%20PM.jpeg
https://colourdiam.com/Product/Jewellery/Model%20images/6964/WhatsApp%20Image%202026-06-23%20at%201.06.43%20PM.jpeg","https://colourdiam.com/Product/Jewellery/Model%20images/6964/6964.mp4
https://colourdiam.com/Product/Jewellery/Model%20images/6964/WhatsApp%20Video%202026-06-23%20at%201.06.42%20PM.mp4",6964,6,2
6967,,"https://colourdiam.com/Product/Jewellery/Model%20images/6967/video.mp4
https://colourdiam.com/Product/Jewellery/Model%20images/6967/6967.mp4",6967,0,2
7045,,https://colourdiam.com/Product/Jewellery/Model%20images/7045/video.mp4,7045,0,1
7051_7489_7597,"https://colourdiam.com/Product/Jewellery/Model%20images/7051_7489_7597/center.jpeg
https://colourdiam.com/Product/Jewellery/Model%20images/7051_7489_7597/2679796-20251219-120954.jpeg
https://colourdiam.com/Product/Jewellery/Model%20images/7051_7489_7597/4593710-20251219-120955.jpeg",,7051_7489_7597,3,0
7074,,https://colourdiam.com/Product/Jewellery/Model%20images/7074/7752.mp4,7074,0,1
7078,,"https://colourdiam.com/Product/Jewellery/Model%20images/7078/video.mp4
https://colourdiam.com/Product/Jewellery/Model%20images/7078/7078.mp4",7078,0,2
7081,,"https://colourdiam.com/Product/Jewellery/Model%20images/7081/video.mp4
https://colourdiam.com/Product/Jewellery/Model%20images/7081/7081.mp4
https://colourdiam.com/Product/Jewellery/Model%20images/7081/7081_1.mp4",7081,0,3
7090,,"https://colourdiam.com/Product/Jewellery/Model%20images/7090/video.mp4
https://colourdiam.com/Product/Jewellery/Model%20images/7090/7090.mp4",7090,0,2
7120,,https://colourdiam.com/Product/Jewellery/Model%20images/7120/video.mp4,7120,0,1
7173,"https://colourdiam.com/Product/Jewellery/Model%20images/7173/center.jpeg
https://colourdiam.com/Product/Jewellery/Model%20images/7173/WhatsApp%20Image%202025-10-01%20at%2023.52.45_3839a5f2.jpeg
https://colourdiam.com/Product/Jewellery/Model%20images/7173/WhatsApp%20Image%202025-10-01%20at%2023.52.46_d0ee9fc5.jpeg
https://colourdiam.com/Product/Jewellery/Model%20images/7173/WhatsApp%20Image%202025-10-01%20at%2023.52.46_b3e23efb.jpeg
https://colourdiam.com/Product/Jewellery/Model%20images/7173/Untitled%20Project%20-%202025-12-19T145641.105.jpeg
https://colourdiam.com/Product/Jewellery/Model%20images/7173/WhatsApp%20Image%202025-10-01%20at%2023.52.46_af2628de.jpeg
https://colourdiam.com/Product/Jewellery/Model%20images/7173/WhatsApp%20Image%202025-10-01%20at%2023.52.47_9af47392.jpeg
https://colourdiam.com/Product/Jewellery/Model%20images/7173/3278023-20251218-175757.jpeg
https://colourdiam.com/Product/Jewellery/Model%20images/7173/6006501-20251218-175757.jpeg
https://colourdiam.com/Product/Jewellery/Model%20images/7173/8421182-20251218-175757.jpeg
https://colourdiam.com/Product/Jewellery/Model%20images/7173/2633392-20251218-175819.jpeg",,7173,11,0
7230,"https://colourdiam.com/Product/Jewellery/Model%20images/7230/1.jpeg
https://colourdiam.com/Product/Jewellery/Model%20images/7230/center.jpeg
https://colourdiam.com/Product/Jewellery/Model%20images/7230/WhatsApp%20Image%202025-10-01%20at%2023.52.48_683af3e2.jpeg
https://colourdiam.com/Product/Jewellery/Model%20images/7230/WhatsApp%20Image%202025-10-01%20at%2023.52.48_5e6a7d5c.jpeg
https://colourdiam.com/Product/Jewellery/Model%20images/7230/WhatsApp%20Image%202025-10-01%20at%2023.52.47_c8dc8b49.jpeg",,7230,5,0
7313,"https://colourdiam.com/Product/Jewellery/Model%20images/7313/center.jpeg
https://colourdiam.com/Product/Jewellery/Model%20images/7313/9819731-20250711-144315%20-%20Copy%20%281%29.jpeg
https://colourdiam.com/Product/Jewellery/Model%20images/7313/2890193-20250711-144314.jpeg
https://colourdiam.com/Product/Jewellery/Model%20images/7313/8189898-20250711-144314.jpeg
https://colourdiam.com/Product/Jewellery/Model%20images/7313/6246971-20250711-144315.jpeg","https://colourdiam.com/Product/Jewellery/Model%20images/7313/video.mp4
https://colourdiam.com/Product/Jewellery/Model%20images/7313/7313.mp4",7313,5,2
7349,,"https://colourdiam.com/Product/Jewellery/Model%20images/7349/video.mp4
https://colourdiam.com/Product/Jewellery/Model%20images/7349/7349.mp4",7349,0,2
7370,"https://colourdiam.com/Product/Jewellery/Model%20images/7370/center.jpeg
https://colourdiam.com/Product/Jewellery/Model%20images/7370/Untitled%20Project%20-%202025-12-19T125900.039.jpeg
https://colourdiam.com/Product/Jewellery/Model%20images/7370/6762109-20250711-144742.jpeg
https://colourdiam.com/Product/Jewellery/Model%20images/7370/9019538-20250711-144742.jpeg
https://colourdiam.com/Product/Jewellery/Model%20images/7370/9520304-20250711-144742.jpeg","https://colourdiam.com/Product/Jewellery/Model%20images/7370/video.mp4
https://colourdiam.com/Product/Jewellery/Model%20images/7370/7370%20new%20video.mp4",7370,5,2
7466,"https://colourdiam.com/Product/Jewellery/Model%20images/7466/2.jpeg
https://colourdiam.com/Product/Jewellery/Model%20images/7466/center.jpeg",https://colourdiam.com/Product/Jewellery/Model%20images/7466/7466.mp4,7466,2,1
7492,,"https://colourdiam.com/Product/Jewellery/Model%20images/7492/video.mp4
https://colourdiam.com/Product/Jewellery/Model%20images/7492/7492.mp4",7492,0,2
7513,,https://colourdiam.com/Product/Jewellery/Model%20images/7513/VIDEO.mp4,7513,0,1
7517,,"https://colourdiam.com/Product/Jewellery/Model%20images/7517/video.mp4
https://colourdiam.com/Product/Jewellery/Model%20images/7517/7517.mp4",7517,0,2
7539,,https://colourdiam.com/Product/Jewellery/Model%20images/7539/video.mp4,7539,0,1
7583,,"https://colourdiam.com/Product/Jewellery/Model%20images/7583/video.mp4
https://colourdiam.com/Product/Jewellery/Model%20images/7583/7583.mp4",7583,0,2
7654,,"https://colourdiam.com/Product/Jewellery/Model%20images/7654/video.mp4
https://colourdiam.com/Product/Jewellery/Model%20images/7654/7654.mp4",7654,0,2
7689,,"https://colourdiam.com/Product/Jewellery/Model%20images/7689/video.mp4
https://colourdiam.com/Product/Jewellery/Model%20images/7689/7689.mp4",7689,0,2
7691,,"https://colourdiam.com/Product/Jewellery/Model%20images/7691/video.mp4
https://colourdiam.com/Product/Jewellery/Model%20images/7691/7691.mp4",7691,0,2
7692,,"https://colourdiam.com/Product/Jewellery/Model%20images/7692/video.mp4
https://colourdiam.com/Product/Jewellery/Model%20images/7692/7692.mp4
https://colourdiam.com/Product/Jewellery/Model%20images/7692/7692_1.mp4",7692,0,3
7729,,"https://colourdiam.com/Product/Jewellery/Model%20images/7729/video.mp4
https://colourdiam.com/Product/Jewellery/Model%20images/7729/7729.mp4",7729,0,2
7730,,https://colourdiam.com/Product/Jewellery/Model%20images/7730/video.mp4,7730,0,1
7731,,"https://colourdiam.com/Product/Jewellery/Model%20images/7731/video.mp4
https://colourdiam.com/Product/Jewellery/Model%20images/7731/7731.mp4",7731,0,2
7732,,"https://colourdiam.com/Product/Jewellery/Model%20images/7732/video.mp4
https://colourdiam.com/Product/Jewellery/Model%20images/7732/7732.mp4",7732,0,2
7733,,"https://colourdiam.com/Product/Jewellery/Model%20images/7733/video.mp4
https://colourdiam.com/Product/Jewellery/Model%20images/7733/7733.mp4",7733,0,2
7734,,https://colourdiam.com/Product/Jewellery/Model%20images/7734/7734.mp4,7734,0,1
7735,,"https://colourdiam.com/Product/Jewellery/Model%20images/7735/video.mp4
https://colourdiam.com/Product/Jewellery/Model%20images/7735/7735.mp4",7735,0,2
7737,,"https://colourdiam.com/Product/Jewellery/Model%20images/7737/video.mp4
https://colourdiam.com/Product/Jewellery/Model%20images/7737/7737.mp4",7737,0,2
7738,,"https://colourdiam.com/Product/Jewellery/Model%20images/7738/video.mp4
https://colourdiam.com/Product/Jewellery/Model%20images/7738/7738.mp4",7738,0,2
7739,,"https://colourdiam.com/Product/Jewellery/Model%20images/7739/video.mp4
https://colourdiam.com/Product/Jewellery/Model%20images/7739/7739.mp4",7739,0,2
7740,,"https://colourdiam.com/Product/Jewellery/Model%20images/7740/video.mp4
https://colourdiam.com/Product/Jewellery/Model%20images/7740/7740.mp4",7740,0,2
7741,,"https://colourdiam.com/Product/Jewellery/Model%20images/7741/video.mp4
https://colourdiam.com/Product/Jewellery/Model%20images/7741/7741.mp4",7741,0,2
7742,,https://colourdiam.com/Product/Jewellery/Model%20images/7742/video.mp4,7742,0,1
7768,https://colourdiam.com/Product/Jewellery/Model%20images/7768/center.jpeg,,7768,1,0
7772,,"https://colourdiam.com/Product/Jewellery/Model%20images/7772/video.mp4
https://colourdiam.com/Product/Jewellery/Model%20images/7772/7772.mp4
https://colourdiam.com/Product/Jewellery/Model%20images/7772/7772_1.mp4",7772,0,3
7778,"https://colourdiam.com/Product/Jewellery/Model%20images/7778/center.jpeg
https://colourdiam.com/Product/Jewellery/Model%20images/7778/123.jpeg","https://colourdiam.com/Product/Jewellery/Model%20images/7778/1.mp4
https://colourdiam.com/Product/Jewellery/Model%20images/7778/2.mp4",7778,2,2
7880,,https://colourdiam.com/Product/Jewellery/Model%20images/7880/video.mp4,7880,0,1
7884_7885,https://colourdiam.com/Product/Jewellery/Model%20images/7884_7885/center.jpeg,https://colourdiam.com/Product/Jewellery/Model%20images/7884_7885/video.mp4,7884_7885,1,1
7916,,"https://colourdiam.com/Product/Jewellery/Model%20images/7916/video.mp4
https://colourdiam.com/Product/Jewellery/Model%20images/7916/video.11.mp4",7916,0,2
7921,,https://colourdiam.com/Product/Jewellery/Model%20images/7921/VIDEO.mp4,7921,0,1
7923,,https://colourdiam.com/Product/Jewellery/Model%20images/7923/modelvideo.mp4,7923,0,1
7924,,"https://colourdiam.com/Product/Jewellery/Model%20images/7924/video.mp4
https://colourdiam.com/Product/Jewellery/Model%20images/7924/7924.mp4",7924,0,2
7925,,https://colourdiam.com/Product/Jewellery/Model%20images/7925/video.mp4,7925,0,1
7927,,https://colourdiam.com/Product/Jewellery/Model%20images/7927/VIDEO.mp4,7927,0,1
7929,,"https://colourdiam.com/Product/Jewellery/Model%20images/7929/video.mp4
https://colourdiam.com/Product/Jewellery/Model%20images/7929/7929.mp4
https://colourdiam.com/Product/Jewellery/Model%20images/7929/7929_1.mp4
https://colourdiam.com/Product/Jewellery/Model%20images/7929/7929_2.mp4",7929,0,4
7934,,https://colourdiam.com/Product/Jewellery/Model%20images/7934/video.mp4,7934,0,1
7935,,https://colourdiam.com/Product/Jewellery/Model%20images/7935/video.mp4,7935,0,1
7937,,"https://colourdiam.com/Product/Jewellery/Model%20images/7937/video.mp4
https://colourdiam.com/Product/Jewellery/Model%20images/7937/7937_1.mp4",7937,0,2
7938,,https://colourdiam.com/Product/Jewellery/Model%20images/7938/video.mp4,7938,0,1
7939_7940,https://colourdiam.com/Product/Jewellery/Model%20images/7939_7940/center.jpeg,,7939_7940,1,0
7953,,https://colourdiam.com/Product/Jewellery/Model%20images/7953/video.mp4,7953,0,1
7956,,https://colourdiam.com/Product/Jewellery/Model%20images/7956/video.mp4,7956,0,1
7994,,"https://colourdiam.com/Product/Jewellery/Model%20images/7994/video.mp4
https://colourdiam.com/Product/Jewellery/Model%20images/7994/7994.mp4",7994,0,2
8000,,"https://colourdiam.com/Product/Jewellery/Model%20images/8000/video.mp4
https://colourdiam.com/Product/Jewellery/Model%20images/8000/8000.mp4
https://colourdiam.com/Product/Jewellery/Model%20images/8000/8000_1.mp4",8000,0,3
8001,,https://colourdiam.com/Product/Jewellery/Model%20images/8001/video.mp4,8001,0,1
8002,,"https://colourdiam.com/Product/Jewellery/Model%20images/8002/video.mp4
https://colourdiam.com/Product/Jewellery/Model%20images/8002/8002.mp4",8002,0,2
8006,,"https://colourdiam.com/Product/Jewellery/Model%20images/8006/video.mp4
https://colourdiam.com/Product/Jewellery/Model%20images/8006/8006.mp4
https://colourdiam.com/Product/Jewellery/Model%20images/8006/8006_1.mp4",8006,0,3
8008,,https://colourdiam.com/Product/Jewellery/Model%20images/8008/video.mp4,8008,0,1
8022,"https://colourdiam.com/Product/Jewellery/Model%20images/8022/1.jpeg
https://colourdiam.com/Product/Jewellery/Model%20images/8022/2.jpeg
https://colourdiam.com/Product/Jewellery/Model%20images/8022/center.jpeg
https://colourdiam.com/Product/Jewellery/Model%20images/8022/4.jpeg","https://colourdiam.com/Product/Jewellery/Model%20images/8022/video.mp4
https://colourdiam.com/Product/Jewellery/Model%20images/8022/8022.mp4
https://colourdiam.com/Product/Jewellery/Model%20images/8022/8022_1.mp4",8022,4,3
8023,https://colourdiam.com/Product/Jewellery/Model%20images/8023/center.jpeg,"https://colourdiam.com/Product/Jewellery/Model%20images/8023/video.mp4
https://colourdiam.com/Product/Jewellery/Model%20images/8023/8023.mp4",8023,1,2
8026,"https://colourdiam.com/Product/Jewellery/Model%20images/8026/1.jpeg
https://colourdiam.com/Product/Jewellery/Model%20images/8026/center.jpeg
https://colourdiam.com/Product/Jewellery/Model%20images/8026/3.jpeg","https://colourdiam.com/Product/Jewellery/Model%20images/8026/video.mp4
https://colourdiam.com/Product/Jewellery/Model%20images/8026/8026.mp4
https://colourdiam.com/Product/Jewellery/Model%20images/8026/8026_1.mp4",8026,3,3
8029,"https://colourdiam.com/Product/Jewellery/Model%20images/8029/1.jpeg
https://colourdiam.com/Product/Jewellery/Model%20images/8029/2.jpeg
https://colourdiam.com/Product/Jewellery/Model%20images/8029/center.jpeg","https://colourdiam.com/Product/Jewellery/Model%20images/8029/video.mp4
https://colourdiam.com/Product/Jewellery/Model%20images/8029/8029.mp4",8029,3,2
8062,,"https://colourdiam.com/Product/Jewellery/Model%20images/8062/video.mp4
https://colourdiam.com/Product/Jewellery/Model%20images/8062/8062.mp4
https://colourdiam.com/Product/Jewellery/Model%20images/8062/8062_1.mp4",8062,0,3
8112,"https://colourdiam.com/Product/Jewellery/Model%20images/8112/1.jpeg
https://colourdiam.com/Product/Jewellery/Model%20images/8112/center.jpeg","https://colourdiam.com/Product/Jewellery/Model%20images/8112/video.mp4
https://colourdiam.com/Product/Jewellery/Model%20images/8112/8112.mp4",8112,2,2
8113,https://colourdiam.com/Product/Jewellery/Model%20images/8113/center.jpg,https://colourdiam.com/Product/Jewellery/Model%20images/8113/video.mp4,8113,1,1
8263,,"https://colourdiam.com/Product/Jewellery/Model%20images/8263/video.mp4
https://colourdiam.com/Product/Jewellery/Model%20images/8263/8263.mp4",8263,0,2
8265,,https://colourdiam.com/Product/Jewellery/Model%20images/8265/video.mp4,8265,0,1
8272,"https://colourdiam.com/Product/Jewellery/Model%20images/8272/1.jpeg
https://colourdiam.com/Product/Jewellery/Model%20images/8272/2.jpeg
https://colourdiam.com/Product/Jewellery/Model%20images/8272/3.jpeg","https://colourdiam.com/Product/Jewellery/Model%20images/8272/video.mp4
https://colourdiam.com/Product/Jewellery/Model%20images/8272/8272.mp4",8272,3,2
8580,https://colourdiam.com/Product/Jewellery/Model%20images/8580/center.jpeg,,8580,1,0
7441,https://colourdiam.com/Product/Jewellery/Model%20images/7441/center.jpeg,,7441,1,0
7504,"https://colourdiam.com/Product/Jewellery/Model%20images/7504/1.jpg
https://colourdiam.com/Product/Jewellery/Model%20images/7504/2.jpg
https://colourdiam.com/Product/Jewellery/Model%20images/7504/center.jpg
https://colourdiam.com/Product/Jewellery/Model%20images/7504/3.jpg","https://colourdiam.com/Product/Jewellery/Model%20images/7504/video.mp4
https://colourdiam.com/Product/Jewellery/Model%20images/7504/1%20video.mp4",7504,4,2
7502,"https://colourdiam.com/Product/Jewellery/Model%20images/7502/1.jpeg
https://colourdiam.com/Product/Jewellery/Model%20images/7502/center.jpeg
https://colourdiam.com/Product/Jewellery/Model%20images/7502/3.jpeg
https://colourdiam.com/Product/Jewellery/Model%20images/7502/4.jpeg
https://colourdiam.com/Product/Jewellery/Model%20images/7502/5.jpeg
https://colourdiam.com/Product/Jewellery/Model%20images/7502/6.jpeg","https://colourdiam.com/Product/Jewellery/Model%20images/7502/video.mp4
https://colourdiam.com/Product/Jewellery/Model%20images/7502/7502.mp4
https://colourdiam.com/Product/Jewellery/Model%20images/7502/7502_1.mp4",7502,6,3
7503,,"https://colourdiam.com/Product/Jewellery/Model%20images/7503/video.mp4
https://colourdiam.com/Product/Jewellery/Model%20images/7503/7503.mp4",7503,0,2
2593,"https://colourdiam.com/Product/Jewellery/Model%20images/2593/center.jpeg
https://colourdiam.com/Product/Jewellery/Model%20images/2593/3A19A6C7-82D9-4526-A472-5A0AA65E03CA.jpeg
https://colourdiam.com/Product/Jewellery/Model%20images/2593/B58138C4-039A-4E40-A632-D80BF33BCB16.jpeg","https://colourdiam.com/Product/Jewellery/Model%20images/2593/video.mp4
https://colourdiam.com/Product/Jewellery/Model%20images/2593/2593.mp4",2593,3,2
7514,,"https://colourdiam.com/Product/Jewellery/Model%20images/7514/video.mp4
https://colourdiam.com/Product/Jewellery/Model%20images/7514/7514.mp4",7514,0,2
7451,,"https://colourdiam.com/Product/Jewellery/Model%20images/7451/video.mp4
https://colourdiam.com/Product/Jewellery/Model%20images/7451/7451_7498.mp4",7451,0,2
7498,,"https://colourdiam.com/Product/Jewellery/Model%20images/7498/7451_7498.mp4
https://colourdiam.com/Product/Jewellery/Model%20images/7498/7498_1.mp4",7498,0,2
7501,,"https://colourdiam.com/Product/Jewellery/Model%20images/7501/video.mp4
https://colourdiam.com/Product/Jewellery/Model%20images/7501/7501.mp4
https://colourdiam.com/Product/Jewellery/Model%20images/7501/7501_1.mp4",7501,0,3
3576_3578_3879_3577_3580,"https://colourdiam.com/Product/Jewellery/Model%20images/3576_3578_3879_3577_3580/center.jpeg
https://colourdiam.com/Product/Jewellery/Model%20images/3576_3578_3879_3577_3580/3577%202.jpeg",,3576_3578_3879_3577_3580,2,0
7523,https://colourdiam.com/Product/Jewellery/Model%20images/7523/center.jpeg,"https://colourdiam.com/Product/Jewellery/Model%20images/7523/video.mp4
https://colourdiam.com/Product/Jewellery/Model%20images/7523/7523.mp4",7523,1,2
7495,https://colourdiam.com/Product/Jewellery/Model%20images/7495/center.jpeg,https://colourdiam.com/Product/Jewellery/Model%20images/7495/Video.mp4,7495,1,1
7493,https://colourdiam.com/Product/Jewellery/Model%20images/7493/center.jpeg,,7493,1,0
7520,,"https://colourdiam.com/Product/Jewellery/Model%20images/7520/video.mp4
https://colourdiam.com/Product/Jewellery/Model%20images/7520/7520.mp4",7520,0,2
7497,,"https://colourdiam.com/Product/Jewellery/Model%20images/7497/video.mp4
https://colourdiam.com/Product/Jewellery/Model%20images/7497/7497.mp4",7497,0,2
7439,,https://colourdiam.com/Product/Jewellery/Model%20images/7439/video.mp4,7439,0,1
7438,,https://colourdiam.com/Product/Jewellery/Model%20images/7438/7438.mp4,7438,0,1
7285,"https://colourdiam.com/Product/Jewellery/Model%20images/7285/center.jpeg
https://colourdiam.com/Product/Jewellery/Model%20images/7285/WhatsApp%20Image%202025-09-26%20at%2019.56.16_e7da96d7.jpeg
https://colourdiam.com/Product/Jewellery/Model%20images/7285/WhatsApp%20Image%202025-09-26%20at%2019.56.16_33cb33b8.jpeg
https://colourdiam.com/Product/Jewellery/Model%20images/7285/WhatsApp%20Image%202025-09-26%20at%2019.56.16_4f7087b9.jpeg
https://colourdiam.com/Product/Jewellery/Model%20images/7285/WhatsApp%20Image%202025-09-26%20at%2019.56.16_be03c646.jpeg",https://colourdiam.com/Product/Jewellery/Model%20images/7285/video.mp4,7285,5,1
8612,"https://colourdiam.com/Product/Jewellery/Model%20images/8612/1.jpg
https://colourdiam.com/Product/Jewellery/Model%20images/8612/2.jpg
https://colourdiam.com/Product/Jewellery/Model%20images/8612/center.jpg
https://colourdiam.com/Product/Jewellery/Model%20images/8612/3.jpg
https://colourdiam.com/Product/Jewellery/Model%20images/8612/4.jpg","https://colourdiam.com/Product/Jewellery/Model%20images/8612/video.mp4
https://colourdiam.com/Product/Jewellery/Model%20images/8612/8612.mp4",8612,5,2
6110,"https://colourdiam.com/Product/Jewellery/Model%20images/6110/center.jpeg
https://colourdiam.com/Product/Jewellery/Model%20images/6110/WhatsApp%20Image%202025-10-01%20at%2023.52.45_0c3179d8.jpeg
https://colourdiam.com/Product/Jewellery/Model%20images/6110/WhatsApp%20Image%202025-10-01%20at%2023.52.44_aef035e9.jpeg",,6110,3,0
8473,,"https://colourdiam.com/Product/Jewellery/Model%20images/8473/video.mp4
https://colourdiam.com/Product/Jewellery/Model%20images/8473/8473.mp4
https://colourdiam.com/Product/Jewellery/Model%20images/8473/8473_1.mp4",8473,0,3
8474,,"https://colourdiam.com/Product/Jewellery/Model%20images/8474/video.mp4
https://colourdiam.com/Product/Jewellery/Model%20images/8474/8474.mp4",8474,0,2
8477,,"https://colourdiam.com/Product/Jewellery/Model%20images/8477/video.mp4
https://colourdiam.com/Product/Jewellery/Model%20images/8477/8477.mp4",8477,0,2
7581,https://colourdiam.com/Product/Jewellery/Model%20images/7581/center.jpeg,https://colourdiam.com/Product/Jewellery/Model%20images/7581/Model%20Video.mp4,7581,1,1
7565,,https://colourdiam.com/Product/Jewellery/Model%20images/7565/video.mp4,7565,0,1
8409,https://colourdiam.com/Product/Jewellery/Model%20images/8409/center.jpeg,,8409,1,0
8417,,https://colourdiam.com/Product/Jewellery/Model%20images/8417/VIDEO.mp4,8417,0,1
8425,,https://colourdiam.com/Product/Jewellery/Model%20images/8425/video.mp4,8425,0,1
8012,,https://colourdiam.com/Product/Jewellery/Model%20images/8012/video.mp4,8012,0,1
8481,"https://colourdiam.com/Product/Jewellery/Model%20images/8481/1.jpeg
https://colourdiam.com/Product/Jewellery/Model%20images/8481/center.jpeg","https://colourdiam.com/Product/Jewellery/Model%20images/8481/video.mp4
https://colourdiam.com/Product/Jewellery/Model%20images/8481/8481.mp4
https://colourdiam.com/Product/Jewellery/Model%20images/8481/8481_1.mp4
https://colourdiam.com/Product/Jewellery/Model%20images/8481/BRACELET.mp4",8481,2,4
8482,"https://colourdiam.com/Product/Jewellery/Model%20images/8482/1.jpg
https://colourdiam.com/Product/Jewellery/Model%20images/8482/center.jpg","https://colourdiam.com/Product/Jewellery/Model%20images/8482/video.mp4
https://colourdiam.com/Product/Jewellery/Model%20images/8482/8482.mp4
https://colourdiam.com/Product/Jewellery/Model%20images/8482/8482_1.mp4
https://colourdiam.com/Product/Jewellery/Model%20images/8482/BRACELET.mp4",8482,2,4
8483,"https://colourdiam.com/Product/Jewellery/Model%20images/8483/1.jpeg
https://colourdiam.com/Product/Jewellery/Model%20images/8483/center.jpeg","https://colourdiam.com/Product/Jewellery/Model%20images/8483/video.mp4
https://colourdiam.com/Product/Jewellery/Model%20images/8483/8483.mp4
https://colourdiam.com/Product/Jewellery/Model%20images/8483/8483_1.mp4
https://colourdiam.com/Product/Jewellery/Model%20images/8483/BRACELET.mp4",8483,2,4
8484,"https://colourdiam.com/Product/Jewellery/Model%20images/8484/1.jpeg
https://colourdiam.com/Product/Jewellery/Model%20images/8484/center.jpeg","https://colourdiam.com/Product/Jewellery/Model%20images/8484/video.mp4
https://colourdiam.com/Product/Jewellery/Model%20images/8484/8484.mp4
https://colourdiam.com/Product/Jewellery/Model%20images/8484/8484_1.mp4
https://colourdiam.com/Product/Jewellery/Model%20images/8484/BRACELET.mp4",8484,2,4
8485,"https://colourdiam.com/Product/Jewellery/Model%20images/8485/1.jpeg
https://colourdiam.com/Product/Jewellery/Model%20images/8485/center.jpeg
https://colourdiam.com/Product/Jewellery/Model%20images/8485/WhatsApp%20Image%202025-10-03%20at%2014.51.08_5dab0ce0.jpeg
https://colourdiam.com/Product/Jewellery/Model%20images/8485/WhatsApp%20Image%202025-10-03%20at%2014.51.09_be87be2d.jpeg",,8485,4,0
8487,"https://colourdiam.com/Product/Jewellery/Model%20images/8487/center.jpeg
https://colourdiam.com/Product/Jewellery/Model%20images/8487/WhatsApp%20Image%202025-10-03%20at%2014.51.08_5dab0ce0.jpeg
https://colourdiam.com/Product/Jewellery/Model%20images/8487/WhatsApp%20Image%202025-10-03%20at%2014.51.08_be550613.jpeg",,8487,3,0
8489,"https://colourdiam.com/Product/Jewellery/Model%20images/8489/center.jpeg
https://colourdiam.com/Product/Jewellery/Model%20images/8489/WhatsApp%20Image%202025-10-03%20at%2014.51.08_5dab0ce0.jpeg
https://colourdiam.com/Product/Jewellery/Model%20images/8489/WhatsApp%20Image%202025-10-03%20at%2014.51.09_3f385574.jpeg",,8489,3,0
8486,"https://colourdiam.com/Product/Jewellery/Model%20images/8486/1.jpeg
https://colourdiam.com/Product/Jewellery/Model%20images/8486/center.jpeg
https://colourdiam.com/Product/Jewellery/Model%20images/8486/WhatsApp%20Image%202025-10-03%20at%2014.51.08_5dab0ce0.jpeg
https://colourdiam.com/Product/Jewellery/Model%20images/8486/WhatsApp%20Image%202025-10-03%20at%2014.51.09_be87be2d.jpeg",,8486,4,0
8488,"https://colourdiam.com/Product/Jewellery/Model%20images/8488/center.jpeg
https://colourdiam.com/Product/Jewellery/Model%20images/8488/WhatsApp%20Image%202025-10-03%20at%2014.51.08_5dab0ce0.jpeg
https://colourdiam.com/Product/Jewellery/Model%20images/8488/WhatsApp%20Image%202025-10-03%20at%2014.51.08_be550613.jpeg",,8488,3,0
8490,"https://colourdiam.com/Product/Jewellery/Model%20images/8490/center.jpeg
https://colourdiam.com/Product/Jewellery/Model%20images/8490/WhatsApp%20Image%202025-10-03%20at%2014.51.08_5dab0ce0.jpeg
https://colourdiam.com/Product/Jewellery/Model%20images/8490/WhatsApp%20Image%202025-10-03%20at%2014.51.09_3f385574.jpeg",,8490,3,0
8098,"https://colourdiam.com/Product/Jewellery/Model%20images/8098/2.jpeg
https://colourdiam.com/Product/Jewellery/Model%20images/8098/center.jpeg
https://colourdiam.com/Product/Jewellery/Model%20images/8098/4.jpeg
https://colourdiam.com/Product/Jewellery/Model%20images/8098/5.jpeg",https://colourdiam.com/Product/Jewellery/Model%20images/8098/video.mp4,8098,4,1
7358,,https://colourdiam.com/Product/Jewellery/Model%20images/7358/VIDEO.mp4,7358,0,1
7359,,"https://colourdiam.com/Product/Jewellery/Model%20images/7359/video.mp4
https://colourdiam.com/Product/Jewellery/Model%20images/7359/7359.mp4",7359,0,2
7360,,"https://colourdiam.com/Product/Jewellery/Model%20images/7360/video.mp4
https://colourdiam.com/Product/Jewellery/Model%20images/7360/7360.mp4",7360,0,2
7361,,https://colourdiam.com/Product/Jewellery/Model%20images/7361/video.mp4,7361,0,1
7362,,https://colourdiam.com/Product/Jewellery/Model%20images/7362/video.mp4,7362,0,1
7942,,"https://colourdiam.com/Product/Jewellery/Model%20images/7942/video.mp4
https://colourdiam.com/Product/Jewellery/Model%20images/7942/7942.mp4",7942,0,2
8316,,https://colourdiam.com/Product/Jewellery/Model%20images/8316/8316.mp4,8316,0,1
7401_7402_7403_7405_7406,https://colourdiam.com/Product/Jewellery/Model%20images/7401_7402_7403_7405_7406/center.jpeg,https://colourdiam.com/Product/Jewellery/Model%20images/7401_7402_7403_7405_7406/7401_7402.mp4,7401_7402_7403_7405_7406,1,1
7942,,"https://colourdiam.com/Product/Jewellery/Model%20images/7942/video.mp4
https://colourdiam.com/Product/Jewellery/Model%20images/7942/7942.mp4",7942,0,2
5026,,https://colourdiam.com/Product/Jewellery/Model%20images/5026/video.mp4,5026,0,1
5616,,"https://colourdiam.com/Product/Jewellery/Model%20images/5616/video.mp4
https://colourdiam.com/Product/Jewellery/Model%20images/5616/5616.mp4",5616,0,2
8364,https://colourdiam.com/Product/Jewellery/Model%20images/8364/center.jpeg,"https://colourdiam.com/Product/Jewellery/Model%20images/8364/video.mp4
https://colourdiam.com/Product/Jewellery/Model%20images/8364/8364.mp4",8364,1,2
7047,"https://colourdiam.com/Product/Jewellery/Model%20images/7047/center.jpeg
https://colourdiam.com/Product/Jewellery/Model%20images/7047/4816880-20240720-122242.jpeg
https://colourdiam.com/Product/Jewellery/Model%20images/7047/7074309-20240720-122242.jpeg
https://colourdiam.com/Product/Jewellery/Model%20images/7047/8988223-20240720-122243.jpeg
https://colourdiam.com/Product/Jewellery/Model%20images/7047/2106089-20251219-122322.jpeg",,7047,5,0
1385,,"https://colourdiam.com/Product/Jewellery/Model%20images/1385/video.mp4
https://colourdiam.com/Product/Jewellery/Model%20images/1385/1385_1.mp4",1385,0,2
5440,"https://colourdiam.com/Product/Jewellery/Model%20images/5440/center.jpeg
https://colourdiam.com/Product/Jewellery/Model%20images/5440/1806341-20250711-153329.jpeg
https://colourdiam.com/Product/Jewellery/Model%20images/5440/9834524-20250711-153329.jpeg
https://colourdiam.com/Product/Jewellery/Model%20images/5440/1275856-20250711-153330.jpeg",,5440,4,0
4748,https://colourdiam.com/Product/Jewellery/Model%20images/4748/center.jpeg,https://colourdiam.com/Product/Jewellery/Model%20images/4748/video.mp4,4748,1,1
8505,https://colourdiam.com/Product/Jewellery/Model%20images/8505/center.jpeg,https://colourdiam.com/Product/Jewellery/Model%20images/8505/video.mp4,8505,1,1
8509,,"https://colourdiam.com/Product/Jewellery/Model%20images/8509/video.mp4
https://colourdiam.com/Product/Jewellery/Model%20images/8509/8509.mp4
https://colourdiam.com/Product/Jewellery/Model%20images/8509/8509_1.mp4
https://colourdiam.com/Product/Jewellery/Model%20images/8509/8509_2.mp4",8509,0,4
4744_4858,"https://colourdiam.com/Product/Jewellery/Model%20images/4744_4858/1.jpg
https://colourdiam.com/Product/Jewellery/Model%20images/4744_4858/UN-0656_1.jpg",,4744_4858,2,0
8511,,"https://colourdiam.com/Product/Jewellery/Model%20images/8511/video.mp4
https://colourdiam.com/Product/Jewellery/Model%20images/8511/8511.mp4
https://colourdiam.com/Product/Jewellery/Model%20images/8511/85111.mp4",8511,0,3
8334,"https://colourdiam.com/Product/Jewellery/Model%20images/8334/1.jpg
https://colourdiam.com/Product/Jewellery/Model%20images/8334/UN-0651_1.jpg","https://colourdiam.com/Product/Jewellery/Model%20images/8334/video.mp4
https://colourdiam.com/Product/Jewellery/Model%20images/8334/8334.mp4",8334,2,2
7475,,"https://colourdiam.com/Product/Jewellery/Model%20images/7475/video.mp4
https://colourdiam.com/Product/Jewellery/Model%20images/7475/new%20video.mp4",7475,0,2
4723,https://colourdiam.com/Product/Jewellery/Model%20images/4723/center.jpeg,https://colourdiam.com/Product/Jewellery/Model%20images/4723/video.mp4,4723,1,1
5437,,https://colourdiam.com/Product/Jewellery/Model%20images/5437/video.mp4,5437,0,1
8380,,https://colourdiam.com/Product/Jewellery/Model%20images/8380/video.mp4,8380,0,1
8550,,https://colourdiam.com/Product/Jewellery/Model%20images/8550/video.mp4,8550,0,1
7984,https://colourdiam.com/Product/Jewellery/Model%20images/7984/model.jpeg,,7984,1,0
7983,"https://colourdiam.com/Product/Jewellery/Model%20images/7983/center.jpeg
https://colourdiam.com/Product/Jewellery/Model%20images/7983/123.jpeg",,7983,2,0
8844_8848,https://colourdiam.com/Product/Jewellery/Model%20images/8844_8848/center.jpeg,"https://colourdiam.com/Product/Jewellery/Model%20images/8844_8848/9287.mp4
https://colourdiam.com/Product/Jewellery/Model%20images/8844_8848/model%20video.mp4",8844_8848,1,2
6066,,https://colourdiam.com/Product/Jewellery/Model%20images/6066/video.mp4,6066,0,1
5435,,"https://colourdiam.com/Product/Jewellery/Model%20images/5435/video.mp4
https://colourdiam.com/Product/Jewellery/Model%20images/5435/5435.mp4",5435,0,2
8549_8559,,https://colourdiam.com/Product/Jewellery/Model%20images/8549_8559/model.mp4,8549_8559,0,1
8555,,https://colourdiam.com/Product/Jewellery/Model%20images/8555/Model%20Video%20.mp4,8555,0,1
8179_5668,,https://colourdiam.com/Product/Jewellery/Model%20images/8179_5668/video.mp4,8179_5668,0,1
6156,,https://colourdiam.com/Product/Jewellery/Model%20images/6156/video.mp4,6156,0,1
7557,https://colourdiam.com/Product/Jewellery/Model%20images/7557/center.jpeg,https://colourdiam.com/Product/Jewellery/Model%20images/7557/7557.mp4,7557,1,1
1980,,https://colourdiam.com/Product/Jewellery/Model%20images/1980/video.mp4,1980,0,1
4728,,"https://colourdiam.com/Product/Jewellery/Model%20images/4728/video.mp4
https://colourdiam.com/Product/Jewellery/Model%20images/4728/4728.mp4",4728,0,2
9028_9121,https://colourdiam.com/Product/Jewellery/Model%20images/9028_9121/center.jpeg,"https://colourdiam.com/Product/Jewellery/Model%20images/9028_9121/9028.mp4
https://colourdiam.com/Product/Jewellery/Model%20images/9028_9121/model%20video.mp4",9028_9121,1,2
9030_9048,https://colourdiam.com/Product/Jewellery/Model%20images/9030_9048/center.jpeg,"https://colourdiam.com/Product/Jewellery/Model%20images/9030_9048/9287.mp4
https://colourdiam.com/Product/Jewellery/Model%20images/9030_9048/model%20video.mp4",9030_9048,1,2
9041_9067,https://colourdiam.com/Product/Jewellery/Model%20images/9041_9067/center.jpeg,"https://colourdiam.com/Product/Jewellery/Model%20images/9041_9067/9287.mp4
https://colourdiam.com/Product/Jewellery/Model%20images/9041_9067/model%20video.mp4",9041_9067,1,2
9042_9075,https://colourdiam.com/Product/Jewellery/Model%20images/9042_9075/center.jpeg,"https://colourdiam.com/Product/Jewellery/Model%20images/9042_9075/9287.mp4
https://colourdiam.com/Product/Jewellery/Model%20images/9042_9075/model%20video.mp4",9042_9075,1,2
9047_9108,https://colourdiam.com/Product/Jewellery/Model%20images/9047_9108/center.jpeg,"https://colourdiam.com/Product/Jewellery/Model%20images/9047_9108/9287.mp4
https://colourdiam.com/Product/Jewellery/Model%20images/9047_9108/model%20video.mp4",9047_9108,1,2
9050_9127,https://colourdiam.com/Product/Jewellery/Model%20images/9050_9127/center.jpeg,https://colourdiam.com/Product/Jewellery/Model%20images/9050_9127/model%20video.mp4,9050_9127,1,1
9065_9113,https://colourdiam.com/Product/Jewellery/Model%20images/9065_9113/center.jpeg,"https://colourdiam.com/Product/Jewellery/Model%20images/9065_9113/9287.mp4
https://colourdiam.com/Product/Jewellery/Model%20images/9065_9113/model%20video.mp4",9065_9113,1,2
9072_9100,https://colourdiam.com/Product/Jewellery/Model%20images/9072_9100/center.jpeg,https://colourdiam.com/Product/Jewellery/Model%20images/9072_9100/9287.mp4,9072_9100,1,1
9092_9110,https://colourdiam.com/Product/Jewellery/Model%20images/9092_9110/center.jpeg,"https://colourdiam.com/Product/Jewellery/Model%20images/9092_9110/9287.mp4
https://colourdiam.com/Product/Jewellery/Model%20images/9092_9110/model%20video.mp4",9092_9110,1,2
9093_9098,https://colourdiam.com/Product/Jewellery/Model%20images/9093_9098/center.jpeg,"https://colourdiam.com/Product/Jewellery/Model%20images/9093_9098/9287.mp4
https://colourdiam.com/Product/Jewellery/Model%20images/9093_9098/model%20video.mp4",9093_9098,1,2
9122_9126,https://colourdiam.com/Product/Jewellery/Model%20images/9122_9126/center.jpeg,"https://colourdiam.com/Product/Jewellery/Model%20images/9122_9126/9287.mp4
https://colourdiam.com/Product/Jewellery/Model%20images/9122_9126/model%20video.mp4",9122_9126,1,2
9025_9027,https://colourdiam.com/Product/Jewellery/Model%20images/9025_9027/center.jpeg,"https://colourdiam.com/Product/Jewellery/Model%20images/9025_9027/9025.mp4
https://colourdiam.com/Product/Jewellery/Model%20images/9025_9027/model%20video.mp4",9025_9027,1,2
7939_7940,https://colourdiam.com/Product/Jewellery/Model%20images/7939_7940/center.jpeg,,7939_7940,1,0
8553,,https://colourdiam.com/Product/Jewellery/Model%20images/8553/video.mp4,8553,0,1
9176,,https://colourdiam.com/Product/Jewellery/Model%20images/9176/9176.mp4,9176,0,1
5754_6998,https://colourdiam.com/Product/Jewellery/Model%20images/5754_6998/center.jpeg,https://colourdiam.com/Product/Jewellery/Model%20images/5754_6998/video.mp4,5754_6998,1,1
8716,https://colourdiam.com/Product/Jewellery/Model%20images/8716/center.jpeg,,8716,1,0
3485,,"https://colourdiam.com/Product/Jewellery/Model%20images/3485/video.mp4
https://colourdiam.com/Product/Jewellery/Model%20images/3485/3485.mp4",3485,0,2
9254,,https://colourdiam.com/Product/Jewellery/Model%20images/9254/video.mp4,9254,0,1
3748,,https://colourdiam.com/Product/Jewellery/Model%20images/3748/video.mp4,3748,0,1
5739,,https://colourdiam.com/Product/Jewellery/Model%20images/5739/video.mp4,5739,0,1
5559,https://colourdiam.com/Product/Jewellery/Model%20images/5559/center.jpeg,,5559,1,0
9282,,https://colourdiam.com/Product/Jewellery/Model%20images/9282/video.mp4,9282,0,1
9283,,https://colourdiam.com/Product/Jewellery/Model%20images/9283/video.mp4,9283,0,1
9284,,https://colourdiam.com/Product/Jewellery/Model%20images/9284/video.mp4,9284,0,1
9285,,https://colourdiam.com/Product/Jewellery/Model%20images/9285/video.mp4,9285,0,1
9286,,https://colourdiam.com/Product/Jewellery/Model%20images/9286/video.mp4,9286,0,1
9280,https://colourdiam.com/Product/Jewellery/Model%20images/9280/center.jpeg,,9280,1,0
8936,,https://colourdiam.com/Product/Jewellery/Model%20images/8936/model%20video.mp4,8936,0,1
4709,"https://colourdiam.com/Product/Jewellery/Model%20images/4709/1.jpeg
https://colourdiam.com/Product/Jewellery/Model%20images/4709/center.jpeg",,4709,2,0
9335,,https://colourdiam.com/Product/Jewellery/Model%20images/9335/video.mp4,9335,0,1
5194,https://colourdiam.com/Product/Jewellery/Model%20images/5194/center.jpeg,,5194,1,0
5613_5653,"https://colourdiam.com/Product/Jewellery/Model%20images/5613_5653/1.jpeg
https://colourdiam.com/Product/Jewellery/Model%20images/5613_5653/center.jpeg",,5613_5653,2,0
5436,https://colourdiam.com/Product/Jewellery/Model%20images/5436/center%5D.jpeg,,5436,1,0
9287_9312,https://colourdiam.com/Product/Jewellery/Model%20images/9287_9312/center.jpeg,"https://colourdiam.com/Product/Jewellery/Model%20images/9287_9312/9827.mp4
https://colourdiam.com/Product/Jewellery/Model%20images/9287_9312/model%20video.mp4",9287_9312,1,2
9288_9313,https://colourdiam.com/Product/Jewellery/Model%20images/9288_9313/center.jpeg,"https://colourdiam.com/Product/Jewellery/Model%20images/9288_9313/9288.mp4
https://colourdiam.com/Product/Jewellery/Model%20images/9288_9313/model%20video.mp4",9288_9313,1,2
9289_9309,https://colourdiam.com/Product/Jewellery/Model%20images/9289_9309/center.jpeg,"https://colourdiam.com/Product/Jewellery/Model%20images/9289_9309/9289.mp4
https://colourdiam.com/Product/Jewellery/Model%20images/9289_9309/model%20video.mp4",9289_9309,1,2
9291_9311,https://colourdiam.com/Product/Jewellery/Model%20images/9291_9311/center.jpeg,"https://colourdiam.com/Product/Jewellery/Model%20images/9291_9311/9291.mp4
https://colourdiam.com/Product/Jewellery/Model%20images/9291_9311/model%20video.mp4",9291_9311,1,2
9292_9319,https://colourdiam.com/Product/Jewellery/Model%20images/9292_9319/center.jpeg,"https://colourdiam.com/Product/Jewellery/Model%20images/9292_9319/9292.mp4
https://colourdiam.com/Product/Jewellery/Model%20images/9292_9319/model%20video.mp4",9292_9319,1,2
9293_9327,https://colourdiam.com/Product/Jewellery/Model%20images/9293_9327/center.jpeg,"https://colourdiam.com/Product/Jewellery/Model%20images/9293_9327/9293.mp4
https://colourdiam.com/Product/Jewellery/Model%20images/9293_9327/model%20video.mp4",9293_9327,1,2
9294_9308,https://colourdiam.com/Product/Jewellery/Model%20images/9294_9308/center.jpeg,"https://colourdiam.com/Product/Jewellery/Model%20images/9294_9308/9294.mp4
https://colourdiam.com/Product/Jewellery/Model%20images/9294_9308/model%20video.mp4",9294_9308,1,2
9295_9324,https://colourdiam.com/Product/Jewellery/Model%20images/9295_9324/center.jpeg,"https://colourdiam.com/Product/Jewellery/Model%20images/9295_9324/9295.mp4
https://colourdiam.com/Product/Jewellery/Model%20images/9295_9324/model%20video.mp4",9295_9324,1,2
9296_9323,https://colourdiam.com/Product/Jewellery/Model%20images/9296_9323/center.jpeg,"https://colourdiam.com/Product/Jewellery/Model%20images/9296_9323/9296.mp4
https://colourdiam.com/Product/Jewellery/Model%20images/9296_9323/model%20video.mp4",9296_9323,1,2
9297_9299,https://colourdiam.com/Product/Jewellery/Model%20images/9297_9299/center.jpeg,"https://colourdiam.com/Product/Jewellery/Model%20images/9297_9299/9297.mp4
https://colourdiam.com/Product/Jewellery/Model%20images/9297_9299/model%20video.mp4",9297_9299,1,2
9298_9316,https://colourdiam.com/Product/Jewellery/Model%20images/9298_9316/center.jpeg,"https://colourdiam.com/Product/Jewellery/Model%20images/9298_9316/9298.mp4
https://colourdiam.com/Product/Jewellery/Model%20images/9298_9316/model%20video.mp4",9298_9316,1,2
9300_9328,https://colourdiam.com/Product/Jewellery/Model%20images/9300_9328/center.jpeg,"https://colourdiam.com/Product/Jewellery/Model%20images/9300_9328/9300.mp4
https://colourdiam.com/Product/Jewellery/Model%20images/9300_9328/model%20video.mp4",9300_9328,1,2
9302_9304,https://colourdiam.com/Product/Jewellery/Model%20images/9302_9304/center.jpeg,"https://colourdiam.com/Product/Jewellery/Model%20images/9302_9304/9302.mp4
https://colourdiam.com/Product/Jewellery/Model%20images/9302_9304/model%20video.mp4",9302_9304,1,2
9305_9329,https://colourdiam.com/Product/Jewellery/Model%20images/9305_9329/center.jpeg,"https://colourdiam.com/Product/Jewellery/Model%20images/9305_9329/9305.mp4
https://colourdiam.com/Product/Jewellery/Model%20images/9305_9329/model%20video.mp4",9305_9329,1,2
9306_9322,https://colourdiam.com/Product/Jewellery/Model%20images/9306_9322/center.jpeg,"https://colourdiam.com/Product/Jewellery/Model%20images/9306_9322/9306.mp4
https://colourdiam.com/Product/Jewellery/Model%20images/9306_9322/model%20video.mp4",9306_9322,1,2
9307_9320,https://colourdiam.com/Product/Jewellery/Model%20images/9307_9320/center.jpeg,"https://colourdiam.com/Product/Jewellery/Model%20images/9307_9320/9307.mp4
https://colourdiam.com/Product/Jewellery/Model%20images/9307_9320/model%20video.mp4",9307_9320,1,2
9310_9330,https://colourdiam.com/Product/Jewellery/Model%20images/9310_9330/center.jpeg,"https://colourdiam.com/Product/Jewellery/Model%20images/9310_9330/9310.mp4
https://colourdiam.com/Product/Jewellery/Model%20images/9310_9330/model%20video.mp4",9310_9330,1,2
9317_9325,https://colourdiam.com/Product/Jewellery/Model%20images/9317_9325/center.jpeg,"https://colourdiam.com/Product/Jewellery/Model%20images/9317_9325/9317.mp4
https://colourdiam.com/Product/Jewellery/Model%20images/9317_9325/model%20video.mp4",9317_9325,1,2
9318_9314,https://colourdiam.com/Product/Jewellery/Model%20images/9318_9314/center.jpeg,"https://colourdiam.com/Product/Jewellery/Model%20images/9318_9314/9318.mp4
https://colourdiam.com/Product/Jewellery/Model%20images/9318_9314/model%20video.mp4",9318_9314,1,2
9301_9303,https://colourdiam.com/Product/Jewellery/Model%20images/9301_9303/center.jpeg,"https://colourdiam.com/Product/Jewellery/Model%20images/9301_9303/9301.mp4
https://colourdiam.com/Product/Jewellery/Model%20images/9301_9303/model%20video.mp4",9301_9303,1,2
9321_9326,https://colourdiam.com/Product/Jewellery/Model%20images/9321_9326/center.jpeg,"https://colourdiam.com/Product/Jewellery/Model%20images/9321_9326/9321.mp4
https://colourdiam.com/Product/Jewellery/Model%20images/9321_9326/model%20video.mp4",9321_9326,1,2
9290_9315,https://colourdiam.com/Product/Jewellery/Model%20images/9290_9315/center.jpeg,"https://colourdiam.com/Product/Jewellery/Model%20images/9290_9315/9290.mp4
https://colourdiam.com/Product/Jewellery/Model%20images/9290_9315/model%20video.mp4",9290_9315,1,2
4317,,https://colourdiam.com/Product/Jewellery/Model%20images/4317/video.mp4,4317,0,1
6101,,"https://colourdiam.com/Product/Jewellery/Model%20images/6101/video.mp4
https://colourdiam.com/Product/Jewellery/Model%20images/6101/video1.mp4",6101,0,2
5429,,https://colourdiam.com/Product/Jewellery/Model%20images/5429/video.mp4,5429,0,1
5573,https://colourdiam.com/Product/Jewellery/Model%20images/5573/center.jpeg,,5573,1,0
9550,,https://colourdiam.com/Product/Jewellery/Model%20images/9550/video.mp4,9550,0,1
